marker	FingerprintScore
A03_10256_C_T	0.07622541414820534
A03_10338_T_C	0.0010605487123937199
A03_10908_C_T	0.0010605487123937199
A03_11011_T_A	0.052505167109067
A03_11330_C_G	0.015222836929351832
A03_11352_C_T	0.0010605487123937199
A03_11410_C_T	0.0021236936298555356
A03_11460_G_T	0.0010605487123937199
A03_11474_T_A	0.2035252125376817
A03_11519_CTT_C	0.09727749091041735
A03_11628_T_C	0.29112839844270283
A03_11655_C_G	0.10105122976461224
A03_11697_T_C	0.11723951917328698
A03_121_A_G	0.0493027713253248
A03_13413_T_C	0.0724543819288618
A03_14873_C_T	0.0010605487123937199
A03_15530_C_A	0.0010605487123937199
A03_15791_G_A	0.0010605487123937199
A03_16063_A_G	0.05420329311832023
A03_16199_TAA_T	0.0010605487123937199
A03_16200_AAT_A	0.05165982445130998
A03_16399_T_A	0.0010605487123937199
A03_16530_T_C	0.0010605487123937199
A03_16606_T_C	0.0010605487123937199
A03_16740_G_T	0.0010605487123937199
A03_16765_TA_T	0.05165982445130998
A03_16795_A_T,C	0.0010605487123937199
A03_16855_C_A	0.005328833505066964
A03_16976_T_TAA	0.006402491609130536
A03_16980_T_TAA	0.0021236936298555356
A03_16982_C_A	0.00855780363526539
A03_16982_C_CAA	0.0021236936298555356
A03_17663_G_C	0.03605019079104655
A03_18063_T_G	0.037654237301632136
A03_18088_C_G	0.03286851421688319
A03_18144_A_T	0.0014157957532370236
A03_18438_G_A	0.003189447494515459
A03_18583_A_T	0.0071492435945153775
A03_18599_C_T	0.0010605487123937199
A03_19541_A_G	0.007478810578626068
A03_19760_G_A	0.050816942765470226
A03_20011_G_T	0.0010605487123937199
A03_20060_C_A	0.0010605487123937199
A03_20359_C_A	0.08494966990642723
A03_20392_T_C	0.09144245437171022
A03_20403_C_A	0.08881029408969895
A03_20438_T_TGCTTTTGCTTTA	0.052505167109067
A03_20443_T_TTGCTTTGGCTTG	0.0010605487123937199
A03_20463_C_G	0.05335298515149185
A03_20641_ACGCT_A	0.005328833505066964
A03_20880_CCCCTGCCCTG_C	0.01728763489416133
A03_20887_C_CG	0.03991225451925531
A03_20949_C_CTT	0.003189447494515459
A03_21015_T_TG	0.021719249693236305
A03_21025_A_C	0.08773904968289024
A03_21092_C_T	0.07622541414820534
A03_21136_G_C	0.030720493808026748
A03_22857_C_T	0.07723613909768036
A03_22944_T_C	0.2652933391146917
A03_23171_G_A	0.32498212678950944
A03_23282_A_AT	0.2113833159381914
A03_27436_C_A	0.003189447494515459
A03_2759_C_T	0.03875258899201662
A03_28619_C_T	0.0010605487123937199
A03_29562_C_A	0.0010605487123937199
A03_29648_G_A	0.0010605487123937199
A03_30190_A_T	0.003189447494515459
A03_36538_ACAGCAAGCCTTTGT_A	0.0010605487123937199
A03_36635_T_C	0.0010605487123937199
A03_37271_T_A	0.0010605487123937199
A03_37299_G_A	0.0010605487123937199
A03_37408_G_T	0.0010605487123937199
A03_374_G_GT	0.05648135595244821
A03_37862_C_T	0.0
A03_37943_A_T	0.0010605487123937199
A03_37966_G_A	0.0
A03_38054_G_A	0.0
A03_38092_G_A	0.0
A03_38109_CCTA_C	0.0
A03_38125_G_A	0.0
A03_38180_C_T	0.09691001300805642
A03_38307_C_T	0.5999466320145633
A03_38342_CACTG_C	0.0021236936298555356
A03_38344_CTGAA_C	0.46247050956244107
A03_38346_GAATC_G	0.0021236936298555356
A03_38407_T_TC	0.23838558847643135
A03_38431_G_T	0.0
A03_38438_G_A	0.0
A03_38467_C_CA	0.11774747311931963
A03_38485_C_T	0.0
A03_38493_C_T	0.0
A03_38525_T_C	0.0
A03_38636_A_G	0.0
A03_38664_A_T	0.0
A03_38679_C_A	0.0
A03_38703_T_C	0.0
A03_38815_G_A	0.0
A03_38818_G_A	0.0
A03_38828_C_CAT	0.0
A03_38843_T_C	0.0
A03_38877_C_G	0.0
A03_38933_AAG_A	0.0010605487123937199
A03_38937_GAA_G	0.45250378387214313
A03_39015_A_C	0.0
A03_39121_AG_A	0.08851794250838992
A03_39146_A_C	0.0
A03_39148_A_C	0.0
A03_39215_A_ATG	0.0010605487123937199
A03_39216_T_TGA	0.0
A03_39217_G_GAT,GAA,GAC	0.006402491609130536
A03_39218_A_AGG,AGT,AGC	0.015088670794223144
A03_39277_G_T	0.0
A03_39287_C_A	0.0010605487123937199
A03_39321_C_T	0.0
A03_39334_G_T	0.0
A03_39407_T_C	0.0
A03_39421_C_A	0.0
A03_39422_G_T	0.0
A03_39529_A_G	0.0
A03_39577_G_A	0.0
A03_39684_C_T	0.5892286055684929
A03_39709_T_TAGCAACAGCCCGAAAGTC	0.31737552637555244
A03_39735_A_C	0.5375946189065784
A03_39744_T_TC	0.3623638544108415
A03_39776_T_C	0.0
A03_39797_G_T	0.0
A03_39807_G_A	0.0
A03_39808_T_C	0.0
A03_39873_T_G	0.0
A03_39924_G_A	0.0
A03_39938_G_A	0.0
A03_40043_C_T	0.0
A03_40094_T_A	0.0
A03_40175_G_A	0.0
A03_40294_C_G	0.0
A03_40305_A_C	0.0
A03_40343_C_T	0.0
A03_40422_G_A	0.0
A03_40473_G_T	0.0
A03_40480_A_T	0.0
A03_40510_G_A	0.0
A03_40557_AT_A	0.25797825532749336
A03_40617_A_G	0.0
A03_40675_G_A	0.0
A03_40694_T_G	0.0
A03_40701_G_A	0.0
A03_40717_A_C	0.46247050956244107
A03_40720_G_A	0.24785071232958644
A03_40725_A_G	0.22950152355261794
A03_40731_G_A	0.24785071232958644
A03_40765_T_A	0.41437185401816046
A03_40768_C_CAAA	0.32052778536325943
A03_40830_T_TA	0.06624119324160449
A03_40835_T_A	0.2872935125166419
A03_40852_G_A	0.01839130634430884
A03_40865_G_A	0.1651708536879904
A03_40889_T_TTGAATCATCACTTTATTCAAGCAA,TTAAATCATCACTTTATTCAAGCAA,TCGAATCATCACTTTATTCAAGCAA	0.03542627477162113
A03_40909_G_T	0.24590753110934516
A03_4091_C_CA	0.046936038046217814
A03_40945_C_A,T	0.0021236936298555356
A03_40946_G_A	0.3135619995946727
A03_40969_G_C	0.2782108687786973
A03_40981_G_T	0.2365646232425973
A03_40988_C_T	0.21321866770667897
A03_41011_C_A	0.27977283891018256
A03_41120_A_G	0.006402491609130536
A03_41129_C_CACAATCT,CATAATCT	0.008600523097365073
A03_41145_T_C	0.0
A03_41154_T_C	0.0
A03_41207_A_C	0.0
A03_41235_G_A	0.0
A03_41243_T_C	0.0
A03_41251_T_C	0.0
A03_41254_C_T	0.0010605487123937199
A03_4127_G_GTAT,GTCT	0.06871581236945988
A03_41284_C_A	0.0
A03_41294_C_CGAATCAATTATA	0.14364675625832096
A03_41308_G_T	0.0
A03_41313_G_C	0.0
A03_41368_G_A	0.0
A03_41372_A_C	0.0
A03_41402_C_T	0.0
A03_41407_A_G	0.0
A03_41412_G_A	0.0
A03_41427_A_C	0.0
A03_41429_C_T	0.0
A03_41432_C_T	0.0
A03_41448_AAAC_A	0.04997650776430757
A03_41521_T_C	0.0
A03_41523_T_C	0.0
A03_41525_A_G	0.0
A03_41550_C_A	0.0
A03_41563_G_A	0.0
A03_41657_A_G	0.0
A03_41669_G_T	0.0
A03_41760_T_A	0.0
A03_41770_C_A	0.0
A03_417_C_A	0.0010605487123937199
A03_41828_G_A	0.0
A03_4186_T_C	0.0010605487123937199
A03_41876_G_T	0.0010605487123937199
A03_41942_C_T	0.0
A03_41948_T_C	0.0
A03_41954_A_G	0.0
A03_41956_T_C	0.0
A03_42060_C_T	0.0
A03_42158_C_A	0.0
A03_42183_G_A	0.4301881873286054
A03_42224_G_A	0.0
A03_42232_C_G	0.0
A03_42242_G_A	0.0
A03_42293_T_G	0.007478810578626068
A03_42370_A_C	0.0
A03_42379_C_T	0.0
A03_42381_G_A	0.0
A03_42392_A_G	0.0
A03_42413_C_T	0.0
A03_42452_A_C	0.0
A03_42467_C_G	0.0010605487123937199
A03_4250_T_C	0.0010605487123937199
A03_4253_G_A	0.12282537729490085
A03_42614_C_G,T	0.0021236936298555356
A03_42637_C_T	0.0
A03_42653_T_A	0.0
A03_42743_C_T	0.0
A03_42815_G_A	0.0
A03_42843_A_C	0.0
A03_42884_A_G	0.0
A03_42910_C_T	0.0010605487123937199
A03_42959_G_A	0.4234537252991764
A03_4296_A_G	0.10899317366255439
A03_42979_C_T	0.8098958986984651
A03_42980_C_T	0.8603763746572108
A03_43089_C_T	0.0
A03_43111_T_A	0.40494794934923256
A03_43132_C_T	0.43725128701858473
A03_43250_A_G	0.0
A03_43259_C_A	0.0
A03_43280_C_T	0.45250378387214313
A03_43294_G_T	0.0
A03_43349_T_C	0.0
A03_43364_G_A	0.0
A03_43371_G_C	0.31985711431479724
A03_43377_T_C	0.3166753416793871
A03_43391_C_A	0.0
A03_43396_C_T	0.0
A03_43448_C_T	0.003189447494515459
A03_43480_G_A	0.0
A03_43517_C_T	0.0
A03_43525_C_G	0.0
A03_43528_T_G,A	0.0
A03_43530_C_G	0.0
A03_43532_T_C	0.0
A03_43553_C_T	0.0
A03_43574_C_G	0.0
A03_4358_C_A	0.0010605487123937199
A03_43625_CA_C	0.10684259512108647
A03_43642_G_A	0.30173789354059966
A03_43651_C_A	0.2688679609119494
A03_43652_A_T	0.2600916480044997
A03_43709_GAAT_G	0.26223635133963635
A03_43710_AATT_A	0.0021236936298555356
A03_43712_T_G	0.006402491609130536
A03_43716_A_C	0.32311039341118264
A03_43761_G_A	0.34433342003430845
A03_43768_G_A	0.34433342003430845
A03_43818_G_A	0.2782108687786973
A03_43859_A_C	0.27581800723632277
A03_43905_C_T	0.0
A03_43929_A_T	0.0
A03_43942_T_G	0.0021262983296769728
A03_43944_T_TAAACTTCTGC,TAAACTTCGGC	0.07723613909768036
A03_43970_T_C	0.0
A03_43971_A_T	0.0
A03_43980_G_A	0.0
A03_44002_T_A	0.0
A03_44018_G_A	0.0
A03_44033_T_TTAAAGAATA,TAAAAGAATA,TTAAAGACTA,TTAAAGAAAA,TTAAAGAAGA	0.07277739196450642
A03_44069_A_G	0.07631553528675666
A03_44078_A_G	0.0
A03_44088_C_T	0.0
A03_44100_T_G	0.0
A03_44108_A_T	0.0
A03_44111_T_G	0.0
A03_44115_A_G	0.0
A03_44124_G_A	0.0
A03_44130_C_A	0.0
A03_44131_G_A	0.0
A03_44165_A_G	0.26223635133963635
A03_44198_T_G	0.27581800723632277
A03_44202_G_T	0.2856363336824147
A03_44223_T_A	0.2908070557418305
A03_44229_C_T	0.27346405574049387
A03_44255_C_T	0.23838558847643135
A03_44259_T_A	0.24399008814631468
A03_44264_G_A	0.2260951351587226
A03_44294_A_T	0.2803453968041302
A03_44301_T_A	0.15047195149492018
A03_44316_C_A	0.17907896510906823
A03_44317_T_G	0.17312072385250013
A03_44336_G_A	0.3370492580479114
A03_44346_G_C	0.3731369421575438
A03_44370_C_T	0.29501476088318535
A03_44371_T_A	0.2969776813143729
A03_44372_GTGTTAAAATTTTGCAAATGAA_G	0.0010605487123937199
A03_44380_A_T	0.2989540006235323
A03_44395_G_A	0.28163477236629597
A03_44405_A_G	0.23995388382656152
A03_44410_A_G	0.2242147016976609
A03_44414_A_G	0.21516616357147833
A03_44421_T_C	0.19096533052732267
A03_44441_G_T	0.0010605487123937199
A03_44636_C_T	0.0010605487123937199
A03_44667_A_T	0.0021236936298555356
A03_44735_C_A	0.1623786662063951
A03_44741_G_A	0.2343859557715978
A03_44749_C_T	0.1623786662063951
A03_44777_A_T	0.1341094338376702
A03_44779_T_C	0.1341094338376702
A03_44784_G_A	0.14672460230671314
A03_44793_A_T	0.1285520721533184
A03_44799_T_C	0.11353605843685795
A03_44804_A_G	0.10835649893358293
A03_44871_T_C	0.2049549915154078
A03_44872_T_C	0.19370970799054413
A03_44876_A_G	0.0010605487123937199
A03_44882_C_G	0.20783590737050284
A03_44886_G_A	0.20783590737050284
A03_44911_C_G	0.03286851421688319
A03_44913_C_A	0.04416079549440299
A03_44914_A_G	0.0433394342212753
A03_44921_G_A	0.22116699298133863
A03_44950_C_A	0.21665475119300628
A03_44982_A_ATAC	0.019497789699278244
A03_45005_G_C	0.125268146725779
A03_45039_CATATAAG_C	0.010723865391773066
A03_45086_T_A	0.0642760360766592
A03_45101_A_G	0.13749578419052022
A03_45113_A_G	0.14907851490346868
A03_45131_C_A	0.0
A03_45252_A_G	0.19858350580698506
A03_45281_T_C	0.0
A03_45303_G_A	0.5564217375573945
A03_45306_C_T	0.5712726673648294
A03_45317_A_G	0.3105142064480494
A03_45399_T_C	0.0
A03_45408_A_G	0.0
A03_45444_G_A	0.0
A03_45451_A_T	0.0
A03_45464_G_A	0.0
A03_45489_G_T	0.0
A03_45499_A_G	0.0
A03_45505_C_T	0.0
A03_45542_A_C	0.0
A03_45555_TTATTTCTTCTTCTTC_T	0.0010605487123937199
A03_45557_ATTTCTTCTTCTTCTT_A	0.0010605487123937199
A03_45558_TTTCTTCTTCTTCTTC_T,TTTCTTCTTCTTC	0.0
A03_45564_C_A	0.0010605487123937199
A03_45574_TTCTTCTTCTTCTTCC_T	0.004257823142541376
A03_45623_T_C	0.0
A03_45669_G_A	0.0
A03_45687_T_C	0.0
A03_45720_T_A	0.0
A03_45732_G_A	0.0
A03_45773_A_C	0.0
A03_45811_C_T	0.4301881873286054
A03_45849_T_A	0.0
A03_45855_A_G	0.0
A03_45878_TAA_T	0.0
A03_45936_G_A	0.0
A03_45996_A_G	0.0
A03_46000_T_G	0.0
A03_46016_A_AC	0.19648034783798263
A03_46031_A_G	0.0
A03_46040_C_A	0.0010605487123937199
A03_46060_T_A	0.0
A03_46104_C_T	0.0
A03_46105_G_T	0.0
A03_46190_C_A	0.0
A03_46202_T_A	0.0
A03_46213_G_A	0.0
A03_46239_T_C	0.0
A03_46277_C_G	0.0
A03_46334_A_G	0.0
A03_46352_T_C	0.0
A03_46407_T_C	0.0010605487123937199
A03_46414_G_T	0.47889753255468476
A03_46471_A_G	0.47889753255468476
A03_46563_A_G	0.0010605487123937199
A03_46574_C_T	0.0
A03_46627_ATTTTTGCT_A	0.07277739196450642
A03_46692_T_C	0.0010605487123937199
A03_46824_C_A	0.0010605487123937199
A03_46848_A_T	0.0010605487123937199
A03_47192_C_T	0.0010605487123937199
A03_47244_C_T	0.0021236936298555356
A03_47254_G_A	0.0021236936298555356
A03_47274_G_A	0.0021236936298555356
A03_47295_T_A	0.0021236936298555356
A03_47303_C_T	0.0010605487123937199
A03_47388_G_A	0.0021236936298555356
A03_47400_T_C	0.0021236936298555356
A03_47404_G_A	0.0021236936298555356
A03_47419_T_C	0.0021236936298555356
A03_47422_A_T	0.0021236936298555356
A03_47439_T_C	0.0021236936298555356
A03_47440_G_A	0.0021236936298555356
A03_47448_T_C	0.0021236936298555356
A03_47457_G_C	0.0021236936298555356
A03_47466_G_A	0.0021236936298555356
A03_47522_T_A	0.0010605487123937199
A03_47523_C_T	0.0010605487123937199
A03_47525_G_A	0.0010605487123937199
A03_47529_A_G	0.0010605487123937199
A03_47530_C_T	0.0010605487123937199
A03_47532_A_G	0.0010605487123937199
A03_47551_G_T	0.0010605487123937199
A03_47553_A_G	0.0010605487123937199
A03_47556_C_T	0.0010605487123937199
A03_47564_T_C	0.0010605487123937199
A03_47584_C_T	0.0010605487123937199
A03_47592_A_G	0.0010605487123937199
A03_47638_A_G	0.0010605487123937199
A03_47645_C_A	0.0010605487123937199
A03_47745_T_C	0.0010605487123937199
A03_48407_G_T	0.0010605487123937199
A03_48564_T_G	0.0010605487123937199
A03_4901_G_C	0.0493027713253248
A03_50102_C_A	0.0010605487123937199
A03_50359_C_T	0.0010605487123937199
A03_50464_C_T	0.0010605487123937199
A03_50782_G_T	0.0010605487123937199
A03_51255_C_A	0.0010605487123937199
A03_51532_C_A	0.0010605487123937199
A03_51758_G_A	0.19312003374426193
A03_51805_T_C	0.0
A03_51808_T_C	0.0
A03_51858_T_C	0.0
A03_51859_C_G	0.0
A03_51915_G_T	0.3135619995946727
A03_51949_T_C	0.0
A03_51953_G_A	0.0
A03_51968_C_T	0.0
A03_51975_T_C	0.0
A03_51976_T_C	0.0
A03_51985_T_G	0.0
A03_52034_G_T	0.0
A03_52050_A_T	0.0
A03_52102_T_C	0.0
A03_52103_G_A	0.0
A03_52147_G_A	0.004257823142541376
A03_52208_C_A	0.0
A03_52209_C_T	0.0
A03_52275_T_C	0.0010605487123937199
A03_52440_C_T	0.0010605487123937199
A03_52451_AT_A	0.0
A03_52472_G_C	0.0
A03_52483_C_G	0.0
A03_52554_T_G	0.0
A03_52622_T_C	0.0
A03_52795_A_C	0.0
A03_52867_GAGTGAACCCCAAGTT_G	0.0010605487123937199
A03_52868_AGTGAACCCCAAGTTT_A	0.0
A03_52871_GAACCCCAAGTTTGAT_G	0.0010605487123937199
A03_52940_G_T	0.0
A03_52973_A_C	0.31737552637555244
A03_52989_C_A	0.1555519403471658
A03_53014_T_A	0.13176663750194306
A03_53015_A_T	0.1389614014368339
A03_53036_C_T	0.1389614014368339
A03_53068_A_G	0.14364675625832096
A03_53097_C_T	0.0
A03_53131_T_G	0.1446023031421887
A03_53167_G_A	0.0
A03_53179_G_GTTGTTGAGTTAGTTCTACAA,GTTGTAGCGTTAGTTCTACAA,GTTGTTGCGTTAGATCTACAA,GATGTTGAGTTAGTTCTACAA	0.0
A03_53226_TTACTATTGTA_T	0.0010605487123937199
A03_53227_TACTATTGTAA_T	0.0010605487123937199
A03_53229_CTATTGTAAAT_C	0.0
A03_53232_T_TTA,TGA	0.015222836929351832
A03_53263_A_G	0.0
A03_53266_G_A	0.0
A03_53299_C_T	0.0
A03_53349_ACATG_A	0.0021236936298555356
A03_53364_TGCATG_T	0.0010605487123937199
A03_53366_CATGG_C	0.3647566389472826
A03_53370_G_C	0.046936038046217814
A03_53371_A_G	0.04575749056067514
A03_53417_T_A	0.0010605487123937199
A03_53418_A_T	0.0010605487123937199
A03_53503_G_A	0.0
A03_53594_T_G	0.0
A03_53705_G_A	0.0
A03_53759_G_A	0.0
A03_53826_A_G	0.2163320097913934
A03_53845_T_A	0.0
A03_53857_T_C	0.0
A03_53861_T_G	0.0
A03_53928_A_G	0.0
A03_53953_C_A	0.0010605487123937199
A03_53987_G_T	0.0
A03_54072_A_T	0.0
A03_54079_G_A	0.0
A03_54103_T_C	0.0
A03_54138_T_C	0.0
A03_54247_C_T	0.0
A03_54306_A_G	0.00855780363526539
A03_54369_A_G	0.0
A03_54387_A_T	0.0
A03_54397_G_A	0.0
A03_54489_T_A	0.0
A03_54574_CG_C	0.007478810578626068
A03_54618_G_T	0.0010605487123937199
A03_54631_T_C	0.0
A03_54643_G_A	0.0
A03_54686_C_G	0.0
A03_54698_A_G	0.4996135014709662
A03_54705_T_TA	0.2908070557418305
A03_54828_T_C	0.0
A03_54847_A_G	0.0
A03_54982_C_G	0.0
A03_54992_G_A	0.0
A03_55017_T_A	0.0
A03_55019_T_C	0.0
A03_55132_C_T	0.0
A03_55190_C_T	0.0
A03_55208_C_T	0.0010605487123937199
A03_55233_G_A	0.0
A03_55297_C_T	0.0
A03_55305_G_C	0.0
A03_55319_T_A	0.0
A03_55320_C_A	0.0
A03_55433_A_C	0.48888527368049917
A03_55468_T_C	0.9215566235609743
A03_55501_A_G	0.0
A03_55532_A_C	0.0
A03_55555_G_A	0.0
A03_55627_T_C	0.0
A03_55647_GCA_G	0.27581800723632277
A03_55668_T_C	0.0
A03_55688_A_C	0.0
A03_55774_C_A	0.43725128701858473
A03_55777_G_C	0.41085753833604316
A03_55841_G_A	0.0
A03_55929_G_A	0.0
A03_55947_T_A	0.0
A03_55948_C_T	0.0
A03_55952_G_A	0.0
A03_55979_A_G	0.0
A03_55981_A_T	0.0
A03_56031_T_C	0.0
A03_56033_G_C	0.0
A03_56043_A_G	0.0
A03_56057_G_T	0.0
A03_56123_A_G	0.0
A03_56140_C_T	0.0021236936298555356
A03_56145_G_A	0.0021236936298555356
A03_56146_G_A	0.0021236936298555356
A03_56149_G_A	0.0021236936298555356
A03_56246_C_A	0.0010605487123937199
A03_56371_C_A	0.10938502454310373
A03_56374_T_C	0.11249270720110613
A03_56383_G_A	0.0626340733628895
A03_56390_T_C,A	0.07394958320545213
A03_56397_T_A	0.07752420500270982
A03_56415_A_C	0.07934517023654386
A03_56424_C_T	0.06818129713596197
A03_56451_A_G	0.0010605487123937199
A03_56464_G_A	0.0010605487123937199
A03_56467_G_C	0.06460667533870428
A03_56470_T_C	0.06372530584650743
A03_56477_G_A	0.06372530584650743
A03_56491_A_G	0.03769892470044389
A03_56503_T_C	0.05762971955326099
A03_56506_T_C	0.06022641547561042
A03_56528_G_A	0.04107502491104791
A03_56961_C_T	0.0010605487123937199
A03_56974_G_A	0.0010605487123937199
A03_56996_C_T	0.0010605487123937199
A03_56997_C_T	0.0010605487123937199
A03_56998_A_G	0.0010605487123937199
A03_57005_G_A	0.0010605487123937199
A03_57007_G_T	0.0010605487123937199
A03_57030_A_T	0.0010605487123937199
A03_57038_T_C	0.0010605487123937199
A03_57502_T_C	0.1579389967112253
A03_57915_C_A	0.0010605487123937199
A03_58138_C_T	0.0010605487123937199
A03_58470_T_C	0.0010605487123937199
A03_58761_T_C	0.0010605487123937199
A03_58847_CG_C	0.0010605487123937199
A03_58848_GA_G	0.0
A03_58953_A_G	0.003189447494515459
A03_58971_T_G	0.0021236936298555356
A03_58972_C_G	0.0021236936298555356
A03_58973_G_T,A	0.003189447494515459
A03_59001_G_A	0.003189447494515459
A03_59091_T_C	0.006402491609130536
A03_59146_C_A,T	0.003189447494515459
A03_59215_T_G	0.003189447494515459
A03_59217_C_T	0.003189447494515459
A03_59255_C_CATAT	0.003189447494515459
A03_59317_A_T	0.006402491609130536
A03_59335_G_A	0.004257823142541376
A03_59340_G_T	0.004257823142541376
A03_59378_T_TTCA	0.0010605487123937199
A03_59450_C_T	0.0010605487123937199
A03_59482_T_C	0.0021236936298555356
A03_59915_G_A	0.0010605487123937199
A03_60503_C_A	0.0010605487123937199
A03_60670_G_T	0.0010605487123937199
A03_61093_A_G	0.0010605487123937199
A03_61122_G_T	0.020607099323868713
A03_61735_G_T	0.0010605487123937199
A03_61899_C_A	0.0010605487123937199
A03_62136_C_T	0.0010605487123937199
A03_62330_C_A	0.0010605487123937199
A03_62613_AAT_AATAT,A	0.003189447494515459
A03_63326_G_A	0.0010605487123937199
A03_63367_C_T	0.0010605487123937199
A03_633_AGC_A	0.003189447494515459
A03_635_C_A	0.010723865391773066
A03_63606_C_A	0.0010605487123937199
A03_63694_A_G	0.0010605487123937199
A03_63998_A_G	0.07815967944885799
A03_64003_G_A	0.08470828682543698
A03_64006_G_A	0.08470828682543698
A03_64026_T_C	0.08376365416169931
A03_64057_A_T	0.08660684874065447
A03_64058_T_G	0.12848401737294965
A03_64062_A_G	0.11723951917328698
A03_64076_G_T	0.15339136896050465
A03_64078_A_T	0.1444365263075782
A03_64082_T_A	0.13711266839530584
A03_64083_T_C	0.0021236936298555356
A03_64097_T_C	0.10631034444846522
A03_640_A_AAAAAAAAAGAAAAAAG,AAAAAAAAAAAAAAAAG	0.009639484099553208
A03_64118_G_T	0.1961433493814545
A03_64133_AAT_A	0.0010605487123937199
A03_64146_G_C	0.20116415075650532
A03_64148_G_A	0.21658450962399917
A03_64149_A_T	0.19448256539999006
A03_64158_T_A	0.016186761093275253
A03_64187_A_G	0.15264566049286946
A03_64188_C_T	0.15504841000541963
A03_64190_A_G	0.15504841000541963
A03_64192_A_G	0.15384454276324472
A03_64237_C_T	0.0
A03_64251_A_G	0.14653252943582046
A03_64256_C_T	0.14653252943582046
A03_64291_G_T,A	0.031290692030811876
A03_64301_A_G	0.08660684874065447
A03_64307_C_T	0.058873736559659814
A03_64312_G_A	0.08118933310319755
A03_64317_C_T	0.08622513919077819
A03_64326_G_A	0.0
A03_64331_T_C	0.0
A03_64336_A_G	0.0
A03_64337_T_A	0.0
A03_64341_C_T	0.0
A03_64347_T_C	0.0
A03_64358_A_T	0.0
A03_64360_A_G	0.0
A03_64362_A_G	0.0
A03_64381_A_G	0.0
A03_64400_A_G	0.0
A03_64450_T_C	0.0
A03_64451_G_A	0.0
A03_64455_G_A	0.0
A03_64470_A_G	0.0
A03_64471_G_A	0.0
A03_64493_G_A	0.0
A03_64515_T_TAC	0.016186761093275253
A03_64525_T_C	0.02331947658685188
A03_64526_G_A	0.022080397747201497
A03_64580_G_A	0.0
A03_64585_C_T	0.0
A03_64589_A_T	0.0
A03_64597_TTAATTTTACCTCTCGATCACCACTTTAC_T	0.0
A03_64655_C_T	0.0
A03_64677_G_A	0.0
A03_64685_T_C	0.0
A03_64703_G_A	0.27581800723632277
A03_64714_A_G	0.0
A03_64721_C_A	0.0010605487123937199
A03_64729_G_A	0.27346405574049387
A03_64732_A_G	0.27581800723632277
A03_64741_A_G	0.22276706152318895
A03_64745_T_C	0.2179141547995473
A03_64746_G_A	0.21321866770667897
A03_64753_T_C	0.24590753110934516
A03_64757_A_G	0.24785071232958644
A03_64769_G_A	0.24022975134308502
A03_64772_C_T	0.23123525478122053
A03_64778_G_A	0.0
A03_64798_G_A	0.0
A03_64816_T_A	0.13442294739236818
A03_64890_C_T	0.18953798278292766
A03_64892_G_C	0.13749578419052022
A03_64896_T_C	0.14092221062546093
A03_64908_A_G	0.2242147016976609
A03_64924_C_T	0.2617838457864536
A03_64927_T_A	0.2760845131768752
A03_64929_A_G	0.25659810140404127
A03_64931_T_A	0.1426974753007122
A03_64937_G_A	0.1708044372007242
A03_64949_T_A	0.07357115782353518
A03_64953_C_T,A	0.0
A03_64956_A_G	0.0
A03_64966_T_C	0.2329900014453396
A03_64979_G_A	0.0
A03_64987_T_C	0.2881986099045117
A03_64995_A_G	0.23123525478122053
A03_64996_A_T	0.21168675047696256
A03_65005_C_T	0.22276706152318895
A03_65006_A_G	0.2365646232425973
A03_65048_A_G	0.0
A03_65064_G_T	0.0
A03_65071_G_A	0.07539784940088778
A03_65106_C_A	0.0
A03_65131_T_C	0.0
A03_65156_G_C	0.0
A03_6516_C_T	0.050816942765470226
A03_65194_C_T	0.0
A03_65196_T_A	0.0
A03_65212_A_C	0.17195794790389302
A03_65222_G_T	0.1555519403471658
A03_65224_A_G	0.1555519403471658
A03_65225_G_T	0.14750738044159267
A03_65239_A_G	0.14750738044159267
A03_65240_A_T	0.14750738044159267
A03_65253_C_T	0.1207879514702805
A03_65258_C_T	0.11757082291155357
A03_65261_T_A	0.11364741672774549
A03_65279_T_C	0.0010605487123937199
A03_65311_T_G	0.06747674025391141
A03_65319_G_A	0.057689408141416376
A03_65320_A_G	0.05287723168362301
A03_65329_T_C	0.055276654814077585
A03_65334_C_T	0.046936038046217814
A03_65339_C_A	0.0445821326527405
A03_65348_C_T	0.051682473070679504
A03_65352_G_T	0.05049099226326081
A03_65353_T_G	0.0493027713253248
A03_65356_T_C	0.05049099226326081
A03_65373_A_C	0.0724543819288618
A03_65374_G_A	0.07370775792695886
A03_65381_G_C	0.1763193291143832
A03_65394_G_T	0.33175048947200797
A03_65403_T_C	0.355105281850551
A03_65404_C_G	0.23514164582310715
A03_65408_C_A	0.24982516906062668
A03_65414_A_G	0.0010605487123937199
A03_65428_C_T	0.23834090107761957
A03_65429_A_T	0.241575902940561
A03_65430_T_A	0.23040808554448114
A03_65452_G_GT	0.04575749056067514
A03_65453_G_T	0.0010605487123937199
A03_65479_C_T	0.1992777575670547
A03_65555_A_G	0.1009004957408611
A03_65600_A_G	0.07103671174623245
A03_65603_T_C	0.07277739196450642
A03_65605_C_T	0.07752420500270982
A03_65610_C_T	0.07513134346033534
A03_65615_T_C	0.07692227138162236
A03_65616_G_A	0.07572586104047443
A03_65620_G_A	0.07219483654133305
A03_65636_C_T	0.15974831611650597
A03_65665_C_A	0.0
A03_65668_T_C	0.0
A03_65682_T_C	0.0010605487123937199
A03_65708_C_T	0.07085254954324226
A03_65731_C_T	0.1662801681376329
A03_65740_G_A	0.13353208410525924
A03_65743_TG_T	0.04814550876919273
A03_65761_T_C	0.10537288881940145
A03_65829_C_T	0.14789916641090425
A03_65851_A_AAATC	0.11880996845702452
A03_65858_G_T	0.0010605487123937199
A03_65862_T_A	0.2049549915154078
A03_65881_T_A	0.22575067163737042
A03_65892_A_G	0.19370970799054413
A03_65901_G_A	0.07448306300132265
A03_65904_A_G	0.17502389225704842
A03_65911_G_A	0.17892772202308319
A03_65920_C_T	0.19117992984990442
A03_65925_T_C	0.1814200925607482
A03_65926_C_T	0.18627259535516028
A03_65927_G_A	0.1879022200886685
A03_65940_G_A	0.17662120967897946
A03_65944_A_G	0.16099742119544527
A03_65962_T_G	0.114473302930135
A03_65972_C_A	0.0787577506636005
A03_65973_A_G	0.0787577506636005
A03_65984_A_G	0.004257823142541376
A03_65987_T_C	0.004257823142541376
A03_65988_G_A	0.004257823142541376
A03_65990_T_G	0.004257823142541376
A03_65994_A_T	0.004257823142541376
A03_66002_T_C	0.04224091683783795
A03_66005_T_C	0.10733161413029685
A03_66020_A_G	0.06500915133191296
A03_66029_T_C	0.06871581236945988
A03_66035_G_A	0.06871581236945988
A03_66045_T_C	0.06378059469394771
A03_66051_A_G	0.06500915133191296
A03_66052_A_T	0.06500915133191296
A03_66121_A_T	0.1855534037125364
A03_66167_C_CACT	0.0010605487123937199
A03_66169_C_CTAA	0.20210245952922448
A03_66202_T_C	0.0010605487123937199
A03_66232_G_C	0.48045950268617005
A03_66323_TTTTC_T	0.007478810578626068
A03_66324_TTTC_T	0.055276654814077585
A03_66327_CTTT_C	0.22113128335827426
A03_66332_TTTC_T	0.019497789699278244
A03_66333_TTCC_T	0.0021236936298555356
A03_66455_G_A	0.0
A03_66527_A_T	0.0
A03_66573_G_A	0.0
A03_66791_G_A	0.0
A03_66875_G_T	0.0
A03_66885_A_C	0.0
A03_66974_A_T	0.0
A03_66998_T_C	0.0
A03_66_G_A	0.04811779246764618
A03_67050_G_A	0.0
A03_67053_T_C	0.0
A03_67139_G_A	0.00855780363526539
A03_67143_A_G	0.0010605487123937199
A03_67144_T_G	0.0
A03_67189_G_A	0.0
A03_67219_A_T	0.0
A03_67230_C_A	0.0
A03_67234_T_C	0.0
A03_67253_C_T	0.0
A03_67337_C_T	0.0
A03_67345_G_C	0.0
A03_67354_G_C	0.0
A03_67355_A_C	0.0
A03_67388_A_T	0.0
A03_67389_C_T	0.0
A03_67420_G_C	0.007478810578626068
A03_67423_G_A	0.0010605487123937199
A03_67432_CGG_C	0.009639484099553208
A03_67447_T_C	0.0
A03_67456_T_A	0.0
A03_67470_A_C	0.47889753255468476
A03_67471_T_A	0.4996135014709662
A03_67482_A_T	0.4996135014709662
A03_6748_C_T	0.0010605487123937199
A03_67506_G_A	0.0
A03_67514_G_A	0.0
A03_67552_GA_G	0.2881986099045117
A03_67618_C_A	0.0
A03_67619_A_C	0.0
A03_67712_T_A	0.0
A03_67716_C_T	0.0010605487123937199
A03_67718_A_G	0.0
A03_67737_T_C	0.0
A03_67831_G_T	0.0010605487123937199
A03_67870_C_G	0.0
A03_67924_T_C	0.0
A03_67928_G_T	0.0
A03_67935_AATT_AT,A	0.026196552047980538
A03_67975_G_A	0.0
A03_67980_A_G	0.019497789699278244
A03_67984_G_GGTGT	0.006402491609130536
A03_680_T_C	0.05287723168362301
A03_68122_C_T	0.0
A03_68296_T_G	0.0
A03_683_C_G	0.0010605487123937199
A03_68430_G_T	0.0010605487123937199
A03_68459_A_T	0.0
A03_68576_C_T	0.0
A03_68712_C_T	0.0
A03_68825_G_T	0.0
A03_68881_C_A	0.0010605487123937199
A03_68946_T_C	0.0
A03_68953_A_T	0.0
A03_68955_C_T	0.0
A03_68972_T_TTG	0.13264666955734586
A03_68980_A_G	0.0010605487123937199
A03_69014_A_T	0.0
A03_69061_G_T	0.0
A03_69069_A_G	0.0
A03_69074_G_A	0.0
A03_6908_T_C	0.07622541414820534
A03_69219_C_T	0.0
A03_69236_A_T	0.0
A03_69253_G_A	0.35216045198414936
A03_69260_ATT_A	0.01728763489416133
A03_69300_C_G	0.27581800723632277
A03_69308_G_A	0.6210284128960988
A03_69325_G_T	0.336907955130591
A03_69327_A_T	0.32311039341118264
A03_69340_C_A	0.0
A03_69385_G_T	0.3885419417925054
A03_69395_G_C	0.378554200666691
A03_69482_C_T	0.4301881873286054
A03_69495_A_C	0.46077831178048717
A03_69642_G_T	0.0
A03_69688_T_G	0.0
A03_69698_C_T	0.0
A03_69709_G_A	0.0
A03_69726_T_G	0.0
A03_69736_A_G	0.0
A03_69741_A_G	0.0
A03_69778_G_A	0.0010605487123937199
A03_69782_C_G	0.0
A03_69814_A_C	0.0
A03_69831_A_AT	0.0
A03_69867_G_T	0.0
A03_69878_A_C	0.0
A03_69882_T_C	0.0
A03_70083_C_T	0.0010605487123937199
A03_70238_G_A	0.0010605487123937199
A03_70258_T_A	0.0021236936298555356
A03_70702_T_C	0.0010605487123937199
A03_7071_G_GAA	0.0010605487123937199
A03_7072_A_AAT	0.06747674025391141
A03_7074_TTAA_TAGTAA,T	0.004257823142541376
A03_707_C_T	0.10025723921385293
A03_7205_T_A	0.11585420864652055
A03_7337_C_T	0.050816942765470226
A03_7527_GT_G	0.04224091683783795
A03_7904_G_A	0.07748973667696497
A03_7925_A_G	0.07496476164646136
A03_8097_T_G	0.048302921285907865
A03_80_G_A	0.05407528618656983
A03_8142_T_C	0.05165982445130998
A03_8310_A_G	0.04088923916457356
A03_8328_G_A	0.041703669109760935
A03_8352_C_T	0.040077093738361505
A03_8377_A_G	0.032078528311764117
A03_8547_G_A	0.02395213112552826
A03_8650_C_T	0.051682473070679504
A03_8744_A_G	0.05890083007586111
A03_8745_A_G	0.061333858746860336
A03_8923_T_A	0.04498449350260761
A03_9729_C_T	0.015088670794223144
A03_9889_C_A	0.0010605487123937199
A03_9960_A_T	0.07748973667696497
